id,full_name,birth_date,city,mobile_no
1,Nicolai Klainer,1997-08-04,Qinghe,1204413852
2,Megan Welfair,2007-11-09,Sainte-Anne-des-Monts,1886141618
3,Cyrus Merrifield,1991-03-21,Boulogne-Billancourt,4385236192
4,Davine Churm,1996-05-20,Chaoyang,7809858964
5,Tyrone Swaby,2005-10-23,Khon Buri,3577746034
6,Lyon Piquard,1999-04-20,Oyama,2831249196
7,Filmer Burrass,1999-07-18,Hecheng,7834114025
8,Nathanael Mityakov,2015-01-12,Covão da Carvalha,1625894725
9,Randolph Humphrey,2008-09-08,Milín,6597137541
10,Templeton Geldart,2015-09-07,Valence,2854690651
11,Persis Bellee,2018-01-17,Qinglong,6341174530
12,Ellie Tierny,2015-05-31,Xiaqiao,5831898463
13,Gerrie Hickisson,2014-08-07,Mashizhai,8136603021
14,Brok Bewlie,2016-03-09,Marechal Deodoro,2092812422
15,Danyelle Iiannone,2004-02-19,Bourges,3841638974
16,Dotti Vynall,2001-04-09,Mulan,3681778216
17,Terri-jo O'Heagertie,2012-10-05,Shimanovsk,1185916993
18,Herman Grendon,2019-04-28,Pieniężno,5035519097
19,Mathian Scurrey,2012-05-14,Strathmore,3377582515
20,Elke Milbourne,2011-04-16,Dayou,9666555848
21,Archibold Dibdale,1995-02-05,Bairro Assunção Piedade,5847222699
22,Ann Porkiss,2017-10-28,Colomi,3865771611
23,Tedman Witherby,2016-11-20,Wujiayao,6055232676
24,Lotti Hendrich,1992-07-22,Syrostan,2812202435
25,Leisha Popelay,2013-10-10,Carahue,7604047175
26,Anallise Jiggens,1998-10-25,Protaras,1352764838
27,Rey Ashwin,1993-03-06,Xiaochengzi,2801794380
28,Clarine Walework,2000-06-05,Zvëzdnyy,7474158643
29,Tamera Harbinson,1996-04-08,Dhali,2382936706
30,Mozelle Parvin,2010-06-09,Sakai,1754066787
31,Dicky Bakhrushkin,2015-03-24,Haicheng,4919122205
32,Zeb Saterthwait,2014-10-04,Diaofeng,4528720080
33,Tonia Margrett,2013-05-05,Vũ Quang,6801752925
34,Pincas Took,2009-02-21,Xiluodu,4913828311
35,Daryn Ferraro,2005-08-04,Karakul’,6354426084
36,Teresita Babon,2003-08-03,Śniadowo,1641064525
37,Hewet Monnelly,2012-09-29,Krzyżanów,3115102763
38,Karole Widger,2016-04-05,Oudtshoorn,7177751078
39,Constance Uren,2007-09-20,Józefów,3143914938
40,Caleb Cockroft,2020-04-01,Żarów,9886964289
41,Ignace Loblie,2010-01-22,Panikian,5793647527
42,Ula Redemile,2022-11-16,Yunlong,5094940382
43,Adella Grisbrook,2022-04-17,Åkersberga,7188425528
44,Row Rounsivall,2010-11-30,Lajas,6327022279
45,Adler Monni,2011-12-26,Lijie,2405789861
46,Joe Iacovolo,2003-01-17,Al ‘Anān,6979631538
47,Lucinda Sidebotton,2014-03-21,Chojnów,2984757064
48,Daphene Tipping,2003-05-10,Nowe,7338240988
49,Lynett Archer,1996-01-31,Teuva,6068007273
50,Pearla Lavarack,2011-12-19,Yamen,9029078077
51,Prue Leonards,2011-10-11,Guifeng,9951050957
52,Elna Womack,2020-11-18,Piteå,6801923503
53,Correna Moneypenny,2009-08-10,Buenaventura,8237423761
54,Lilian Brandi,2021-05-28,Salt Lake City,8017031407
55,Guillermo Agglio,2016-04-25,Pocpo,9216775232
56,Rodd Greensides,1999-04-21,Fredrikstad,9109251995
57,Bard Fellowes,2009-04-10,Krasnystaw,4635002458
58,Hestia Ianittello,2018-03-29,Piraquara,9978577668
59,Conny von Grollmann,1991-04-28,Guamo,8939530212
60,Tann Doag,1993-12-19,Zhugang,4663411722
61,Neils Murrhaupt,2012-03-07,Yuanhou,1528331046
62,Kynthia Taffley,2016-10-06,Horní Libina,5455995103
63,Sayre Peattie,2019-02-24,Belén,1431449475
64,Codie Loveard,1998-01-11,Vinež,6172906487
65,Alexandra Staunton,2010-11-08,Tournai,3737947515
66,Judith Jacox,2014-11-03,Palmas de Monte Alto,9917530390
67,Gray Cunniffe,1993-09-19,Yucheng,8707147027
68,Dalston Fordyce,1994-07-20,Muara,3847438778
69,Suzi Clymer,2005-04-07,Union,9442845903
70,Christalle Bredee,2017-12-22,Comapa,8486546004
71,Joanne O' Shea,2011-06-08,Manique,6506425488
72,Launce Lynd,2004-07-29,Balpyk Bī,1331774338
73,Charmian Van Halle,2016-01-14,Manado,8329003822
74,Emyle Service,2010-06-03,Žeravice,3928492031
75,Odo Perfitt,1995-05-30,Ejido,6278041391
76,Vassily Corballis,2005-12-28,San Isidro,9758931044
77,Nikki McPaik,2017-07-04,Gambo,3354134585
78,Estella Tatnell,1994-05-02,Moquegua,9083171267
79,Florri Spilsburie,1998-03-23,Longzhong,9073198405
80,Tarah Gerish,2013-06-19,Oro Verde,9731335761
81,Henry Semered,2017-12-07,Osielec,2771039628
82,Devi Jelphs,2006-10-10,Zhuangbian,3108026184
83,Lark Mees,2002-11-02,Envigado,7639335200
84,Mercie Forte,1995-11-22,Mahébourg,5043763659
85,Selina Kyd,2003-11-09,Edineţ,9138261480
86,Tristan Dolley,2012-12-14,Huiqi,6775175603
87,Cinda Northleigh,2014-01-22,Sande São Martinho,6332171430
88,Bradford Sottell,2014-06-25,Thành Phố Thái Bình,2619452762
89,Martie Lamy,2014-05-30,Sacramento,5302431598
90,Faythe Mays,2013-04-13,Maqian,3221884969
91,Naomi Baulcombe,1998-11-21,Tamana,4378279163
92,Archibold Cupitt,2021-06-21,Mathba,4495778839
93,Rosene Thomton,2006-12-25,Likupang,5246980562
94,Ashien Saffill,2013-02-10,Roissy Charles-de-Gaulle,2478102898
95,Stephana Giorgiutti,2005-02-08,La Ligua,5076355083
96,Philippine Aldersea,2018-01-13,Liushan,2814647365
97,Siouxie Noonan,2000-05-03,Tingsryd,8835034469
98,Jourdan Clows,1997-05-01,Toyama-shi,5917496630
99,Annabel Paramor,1995-04-10,Luniao,9898990816
100,Leontine Belch,1992-05-04,Faqīrwāli,5011758834
101,Aime Molen,2016-10-15,Inta,2919335600
102,Malinda Heckney,2023-01-14,Tunjë,2587328892
103,Karlene Conner,2017-10-07,Pingyi,1121263273
104,Sophey Pietersma,2019-11-18,Hodkovice nad Mohelkou,3974097048
105,Brocky Fyldes,2016-05-29,Mamuša,5703162065
106,Pauli Cahey,2011-08-01,Skrunda,5272158060
107,Eydie Gransden,2002-12-04,Agriá,5909041767
108,Elsworth Polotti,1997-03-20,Krajan Pundungsari,3587434238
109,Teri Glasser,2013-11-29,Le Lamentin,7399800731
110,Guillema Greneham,2012-05-03,San Rafael,2394239633
111,Tamarra Gisburn,2003-11-10,Yŏnggwang-ŭp,7067139335
112,Bryant Pendall,2008-07-05,Tānsen,5973654121
113,Jere McGroarty,1999-04-10,Chengtian,8188503091
114,Haley Jeandon,2004-05-27,Banpu,4393758437
115,Wayne Jeffray,2010-08-05,Bataiporã,1243766269
116,Boote Sickamore,2019-11-28,Tarbes,3407893561
117,Caria Aldham,2002-09-25,Qiting,8314456605
118,Oralee Cody,2010-04-14,Tabor,2361370142
119,Papageno Stagge,2007-02-07,Ping’an,7274041150
120,Christiano Scollick,2001-09-17,Antrukan,4646548699
121,Shalom Kindell,2001-10-14,Otacílio Costa,1762762764
122,Katusha Dowker,2018-12-16,Jinchang,3259258980
123,Roarke Michell,1994-07-25,Clondalkin,3061291331
124,Amii Windham,1994-09-21,Codrington,7768599704
125,Hendrika Woodard,1995-09-10,Padangsidempuan,4217726579
126,Trula Cantillon,2001-02-17,Vostryakovo,8111671343
127,Missy Chateau,1994-02-03,Kuanfeu,3588925585
128,Datha Sparwell,2015-10-01,Lazaro Cardenas,1945709537
129,Daphene Andreopolos,1995-04-14,San Juan,7791498369
130,Joya Bootman,2013-09-04,Russkiy,2562318432
131,Syd Siveyer,2020-01-21,Ban Thaen,1881509922
132,Anny Graybeal,1995-04-01,Liuhe,3053499667
133,Eddie Reape,2021-11-10,Rāmganj,2897798469
134,Ransell Rootes,1992-10-21,Sumuragung,9373831125
135,Sonny Brader,2006-04-26,Vischongo,7051786661
136,Bernardine Bofield,2006-11-05,Périgueux,2278075422
137,Dolores Wetherburn,2013-06-14,Jianyangping,2182819103
138,Orlan Spore,2014-12-12,Huddinge,6252041139
139,Craggy Elms,2001-11-08,Al Ghuwayrīyah,7809012308
140,Gino Trafford,1994-05-05,Nuits-Saint-Georges,9223787558
141,Hillel McMickan,2013-12-24,Roanne,2793801778
142,Nat Danilyuk,2009-03-30,Shimorskoye,1071503324
143,Joel Mugford,2002-12-07,Anggana,5227383135
144,Rodrigo Scoone,1994-05-28,Hangkou,6737066256
145,Mathilda Lehr,1997-04-04,Haugesund,2761698053
146,Quintina Eyckelberg,2004-10-06,Talpe,3386188757
147,Grazia Tawse,2019-04-08,New York City,6463270669
148,Chandra Urrey,2002-10-15,Rūjayb,8636126760
149,Jake Abbitt,2020-07-05,La Mesa,1892507069
150,Richart Hebron,2014-01-08,Los Pinos,8763990654
151,Cary Starkie,1999-08-04,Volnovakha,7501293399
152,Marlane Danelut,2006-09-19,Pandansari,8938513474
153,Barrie Lifsey,2016-04-13,Mardakyany,4097088158
154,Valdemar Jeffryes,2015-12-05,Nässjö,4362181859
155,Riordan Sugarman,2016-01-01,Babakantugu,4381926217
156,Edgar Goldis,2007-09-15,Rantauambacang,7834090435
157,Van Fridaye,2008-06-07,Bjuv,4916525414
158,Chrissie Casassa,2002-07-18,Balyaga,6379226783
159,Manfred Canby,2013-02-03,Heshui,7759563468
160,Cornall Siddens,1995-02-12,Legok,8096330672
161,Dede Driscoll,2017-12-18,Comal,6618560556
162,Tanitansy Sawers,2001-02-09,Oxapampa,7369315421
163,Sherlocke Lorman,2001-06-15,Koch'ang,8999136889
164,Clare Yerby,2008-07-01,Sarimukti Kaler,8265188562
165,Windham Kenrack,2005-04-29,Joaquín Suárez,4918130647
166,Ammamaria Doidge,2019-07-26,Ağdaş,9674616549
167,Roy McVeighty,1997-01-17,Preserje pri Radomljah,4825486927
168,Dill Coiley,2000-12-16,Shiroi,1142390052
169,Siusan Cabrer,1992-09-08,Kumbo,2561558256
170,Vance Carnachen,2018-07-15,Hepo,2762303387
171,Sarina Adcock,2017-09-11,Sangiyn Dalay,2323003830
172,Kesley Seedhouse,2016-12-17,Lypova Dolyna,5873977072
173,Werner Muehle,2006-08-21,Asopós,4391288193
174,Kerstin Kemell,2021-09-09,Apitong,6349816086
175,Tammy Aspell,2022-10-23,Shuangjie,7537237759
176,Drusy Gowman,2018-06-05,Huolu,8156684333
177,Betsy Coatham,2014-06-10,Granard,9127565888
178,Sonny Donnel,2013-05-17,Criação Velha,3212601903
179,Geoffry Connochie,2014-07-02,Qianpai,6539291905
180,Verine Le - Count,2022-09-11,Niedrzwica Duża,5016987814
181,Sibbie Furmenger,1996-05-18,Clarin,5573215264
182,Claudian Warner,2012-11-18,Kristiansund N,2269239863
183,Ellie Macek,2008-07-08,Tobruk,7948018316
184,Sophey Dacks,2017-06-29,Morawica,1364091860
185,Jody Mansford,2022-12-27,Abéché,7486626070
186,Chicky Verchambre,2016-06-14,Melres,9407543560
187,Jami Thacke,2023-01-20,Balyaga,7597464916
188,Bayard Weathey,1999-10-28,Tongxing,8024492468
189,Nona Tettley,2008-10-03,Oliveira de Frades,7583714651
190,Lianne MacTurlough,1998-04-13,Gaoling,6839624882
191,Pasquale Knightly,2000-03-05,Horní Suchá,8792494735
192,Doralyn Paxeford,1994-05-12,Kimhae,6353333123
193,Mitch Matthiesen,2007-09-16,Gweru,8031922978
194,Hinda Coatsworth,2019-08-04,Marseille,2166455895
195,Jakob Galier,2018-05-17,Nancun,3735552016
196,Miguela MacGilfoyle,2004-11-17,Shengrenjian,9836627796
197,Claudius Romao,2003-05-01,Brusartsi,5043919339
198,Coralie Paike,2011-11-11,Balogo,1008381007
199,Blondelle Curner,1991-08-09,Safi,1613191454
200,Rip Flintuff,2001-11-17,Jihui,3052196936
201,Devin Stoeck,2014-08-05,Badulla,2545865097
202,Dorena Durtnel,2000-11-16,Sariwŏn,8465554257
203,Adrianna Banishevitz,1992-09-15,Mishan,2061274116
204,Taddeusz Kollasch,2012-11-03,Nanyuki,5339643839
205,Cordie Skittle,2019-04-17,El Rancho,6363055704
206,Tammie Woodfield,2005-09-30,Thị Trấn Hát Lót,5763115448
207,Silvano Elderfield,2010-01-19,Tiyingtali Kelod,5271197661
208,Keenan D'Hooghe,2011-03-31,Buchanan,9267861842
209,Antoinette Danshin,2007-09-04,Wantan,7225299857
210,Felix Tingle,2002-02-25,La Roche-sur-Yon,3495787421
211,Rochella Corradini,2019-11-12,Alcaria,8327182508
212,Dorothy Baylay,1994-03-04,Hovtamej,3626018500
213,Cass Gaule,2002-12-23,Dobrljin,4035690996
214,Moyra Erratt,2011-12-14,Bangbayang,1896325665
215,Edwin Elcombe,2013-12-27,Zhoujiadian,3069966105
216,Yolande Haycraft,2019-10-15,Pringsewu,4506239123
217,Spencer Mainds,2007-01-08,Francos,7674111126
218,Jodie Beebee,2022-09-05,Klyuchevskiy,2988607696
219,Nikki Dymick,2022-10-21,Nanlin,5856296447
220,Nell Cuttles,1999-04-10,Ceres,1073268102
221,Abby Shewsmith,2019-02-11,Midland,4514759318
222,Ermanno Presnell,2016-01-22,Shawnee Mission,9138601162
223,Sonny Dewett,2006-12-15,Cilongkrangpusaka,4037115371
224,Winna Sprankling,2003-03-28,Roma,4935400339
225,Ketty Nathan,2000-04-03,Helang,2575058639
226,Hastings Vitet,2011-09-18,Chacabuco,8276510444
227,Pearl Cockran,2013-04-29,La Cruz,3136587639
228,Leelah Atto,1998-04-19,Osiek,9477384710
229,Kissie Kohlert,2017-02-25,Miracema,3861089419
230,Keely Skeemer,2020-09-20,Vancouver,3604390765
231,Roana Ecclesall,1997-10-15,Pengbu,5377607863
232,Thedrick Domleo,1996-11-22,Yerba Buena,9884975724
233,Nickie Lude,2008-11-22,Kota Kinabalu,7516368563
234,Lovell Melarkey,1996-06-11,Samuhú,7124151119
235,Alayne Kemmons,2010-11-06,Kleszczewo,3075713057
236,Natal McGinnis,2002-06-04,Carregado,5479970289
237,Tudor Linn,1994-08-03,Changsha,2771078356
238,Giselle Withur,2007-04-11,Gosen,5277858799
239,Gayla Twinterman,1997-09-16,Solor,9133137025
240,Phillida Sieve,2018-04-22,Marneuli,7163876325
241,Miriam Angliss,2017-07-12,Yelabuga,1933555258
242,Lissie Crass,2008-05-13,Louny,9979683849
243,Georg Grindley,1997-03-01,Baytā al Fawqā,1471789117
244,Kattie Heape,1996-10-10,Tegina,4766599783
245,Wain Bower,2018-02-25,Yao’an,6963522460
246,Malynda Castaner,2020-02-14,Yingkeng,4398858705
247,Robinia Lafranconi,1992-04-13,Mrgavan,1825765586
248,Lanny O'Giany,1994-08-27,Custódia,8315626706
249,Guido Ramsell,2021-11-03,Bal Chirāgh,2766925913
250,Dacia Nafziger,2016-08-12,Fucheng,5596532435
251,Cull Fernez,2012-08-26,Khok Charoen,9463677998
252,Delmar Newis,2014-02-09,Sogod,1688768661
253,Keenan Lomb,2017-05-28,Del Valle,2025454575
254,Abbe McQuaide,1999-08-02,El Soberbio,6687022989
255,Marna Evenden,2019-06-23,Chaloem Phra Kiat,1221773520
256,Prue Syplus,2009-07-28,Jiangti,7756400157
257,Steve Barnet,2009-05-09,Thessalon,1511195921
258,Melissa Manhare,2016-10-25,La Paz de Oriente,4562177376
259,Julissa Comfort,1998-10-05,Nangkaruka,9073449114
260,Paul Orfeur,1997-11-23,Bayḩān,3214199554
261,Banky Pratten,2017-01-27,Icó,3022125357
262,Casper Worgen,2017-11-28,Betim,9853282332
263,Silvester Kimbley,2022-04-17,Nekhayevskiy,4385764709
264,Caldwell Vant,2001-08-11,Charagua,4229731459
265,Diahann Scanlin,1994-04-27,Xilanqi,4206011309
266,Lane Stainer,2019-01-23,Agualva,5778978998
267,Jeno Victory,2022-03-24,Samuhú,5362220231
268,Pamelina Lorand,2020-08-12,Néa Palátia,7556927414
269,Eugenius Scarffe,2009-03-02,Changfu,6786278402
270,Marchelle Haller,2012-08-18,Antioquia,5148693452
271,Gustave Pridmore,2008-01-18,Jedlina-Zdrój,6218587992
272,Edee Bustard,1993-12-06,Gugut,7884107486
273,Adams Franzonello,2009-04-08,Rumyantsevo,4636437397
274,Katey Wilcock,1994-08-24,Santana do Paraíso,2024288648
275,Faythe Chartre,1998-11-01,Uberaba,8075918561
276,Art Patria,2020-08-11,Pimenta Bueno,2048847184
277,Jared Briddle,2017-11-18,Souto de Cima,4181948423
278,Emyle Anders,1999-07-23,Digkilaan,6967802305
279,Alvin Copner,2014-08-30,Kebonan,9962769046
280,Kennie Olding,2019-04-01,Mehmand Chak,1324662394
281,Karel Lowden,2010-07-16,Las Trojes,6118775147
282,Arny Grayne,2011-01-25,Primero de Mayo,6878675441
283,Caritta Sturch,1994-12-27,Halmstad,6565703780
284,Ashley Manifould,2003-06-14,Ciudad Bolivia,4864018136
285,Alfonso Yarwood,2010-04-04,Taluncemara,3867151114
286,Moria Copas,2021-03-07,Pouso Alegre,1816769147
287,Benni Kellick,2003-05-22,Santol,1377422883
288,Gar Stores,2016-06-30,Grevená,8449488836
289,Viole Mably,1994-02-21,Cayungnan,6331293585
290,Jerrie O' Reagan,1992-03-09,La Broquerie,3204863713
291,Estell Dahlbom,2015-03-21,Fort-de-France,8874230312
292,Fabiano Cleeve,1998-07-11,Biecz,7254844896
293,Isis Reside,2020-09-20,Lensk,3185437862
294,Florella Ninnoli,1999-05-30,Saint-Paul,3603726918
295,Anthony MacCallion,2000-03-19,Winterthur,9036033255
296,Odessa Aishford,2023-02-14,Anápolis,9583457206
297,Hendrik Olenov,2017-10-25,Astorga,5036292869
298,Ellwood Vase,2007-08-15,Lyamino,6377786078
299,Erie Jesse,2001-09-10,Extrema,2797720107
300,Hanni Hawksworth,2011-04-21,Ar Ramāḑīn,4887138551
301,Meade Ramble,2015-02-09,Canghou,4976778258
302,Modestine Skirrow,1995-08-24,Prince Albert,3627462071
303,Minnie Carey,2022-11-22,Mababanaba,1608620157
304,Perla Absalom,2010-06-26,Nanhe,7025590315
305,Ernestine Garroway,2004-02-16,Birowo,4504037043
306,Meier Abba,2010-09-06,Biancheng,2906361831
307,Quintina Lias,1993-02-06,Al ‘Ulá,5266988297
308,Murdock Knifton,2005-02-19,Jaunpiebalga,2439780882
309,Garald Sangwin,2016-04-18,Kieta,5646869495
310,Tobi Leadbeater,1999-08-19,Bayanbulag,6063914279
311,Neel Kleeman,2010-06-03,Krebet,8738493685
312,Cammy MacDermot,2011-04-25,Mobile,2515711497
313,Othelia Burriss,2012-03-01,Neuilly-sur-Seine,1218561476
314,Kane Mussetti,2008-11-21,Seraya,9107572056
315,Killy Cannavan,2001-04-26,Smilavichy,5229600254
316,Katee Parnby,2011-05-08,Sunduk,9021439737
317,Berkly Gierek,1998-04-07,Västervik,7901255396
318,Abbott Jennemann,1993-10-24,Göteborg,3342152395
319,Eilis Woliter,2012-12-09,Majennang,6247791315
320,Ronnica Deaton,2002-02-10,Kiili,3598523163
321,Zandra Lishmund,1997-04-05,Boca Suno,5829213890
322,Doug Matteoli,2004-04-10,Shiqian,8657473747
323,Phyllys Mahmood,1992-09-12,Oslo,8552145461
324,Betta Buckam,2011-01-18,Ituverava,7064075357
325,Caro Melesk,2003-01-22,Changlu,5988244639
326,Ripley Parman,2011-11-07,Liure,1341138706
327,Devondra Youde,1998-08-02,Fuzhou,4138092182
328,Lorinda Chorley,1994-05-11,Celestynów,6321887675
329,Jacki Purchall,2022-07-21,Egindiköl,5734868557
330,Marja MacPeice,2021-12-22,Nariño,8345083884
331,Marney Ditzel,2009-02-08,Talibura,5612791386
332,Lydie Poolman,2013-07-07,Shu,3617467745
333,Stavro Bullier,2009-01-06,Humpolec,1663617322
334,Moria Durran,2007-12-23,Marvdasht,1572915772
335,Bruis Ashwood,1994-01-16,Dawangzhuang,6314029869
336,Monti Helliwell,2012-11-28,Klyuchi,5136504012
337,Guillema Plevey,2014-04-30,Kopayhorod,6032584884
338,Jaclyn Hark,2023-01-24,Serra D'El Rei,5825914582
339,Casey Balthasar,1997-11-15,Ozurgeti,9807596317
340,Jule Sawnwy,2006-12-04,Compostela,4339182426
341,Stillmann Scatcher,2003-06-26,Dalang,4369132086
342,Ryun Brigstock,2018-05-05,Sorang,3908810877
343,Christie Waddilove,1993-09-18,Embu,4373559351
344,Jacinta Moncrieffe,2008-08-06,Nuing,6623056894
345,Rik Lightfoot,2010-09-13,Krajan Kedungsalam,6643024834
346,Sheelagh Horsey,2016-06-21,Gostilitsy,3863873939
347,Jaymie Tonry,2018-09-09,General Conesa,7634485565
348,Teodoor Breeds,1998-04-11,Paris 04,8171273304
349,Deirdre Baud,2006-12-06,Shatoujiao,2598902018
350,Holden Heinreich,2018-08-13,Pavlovsk,4146922023
351,Flossi Porkiss,2000-12-22,Francisco I Madero,7817457444
352,Richard Veare,1995-07-02,Poções,7873530166
353,Ingar Elves,1997-04-07,Kota Kinabalu,7302986317
354,Afton Allso,2013-03-17,Kuczbork-Osada,1611057658
355,Netta Tetlow,2005-09-12,Sobreda,5426332607
356,Heddi Buche,2008-02-23,Malinovskiy,4549781791
357,Franky Levitt,2019-01-13,Arsen’yev,9129222256
358,Alidia Cinelli,2010-12-03,Pak Thong Chai,4843050831
359,Reamonn Halms,1994-06-17,T’ianet’i,8875265336
360,Reinald Lawson,2004-08-01,Lephalale,7591728558
361,Austin Dominichetti,2015-07-31,Gielniów,5232007330
362,Chelsey Rigeby,2009-02-01,Rodhítsa,7397184646
363,Alec Everson,2005-05-02,Sijihong,4512000514
364,Mason Sydry,2016-02-11,Pavlovskaya,8465702003
365,Rowen Le Cornu,2005-02-12,Tangkanpulit,2944760075
366,Quincy Bodimeade,2020-02-03,Oakland,6501857252
367,Grazia Souten,2007-03-02,Rio Negrinho,5773739536
368,Angie Drivers,2002-08-06,Valença,1946391904
369,Dory Chilley,2020-04-09,Riti,8387126876
370,Kristina Tidman,2001-12-20,Bektemir,6715189266
371,Brig Stuttard,2010-04-03,São Gotardo,3973027406
372,Florencia Westhoff,2013-01-05,Moshiyi,2679422700
373,Baron Oldacre,1992-01-02,Huazhaizi,6948871534
374,Sissie Deller,1996-10-01,Pokój,4717149479
375,Margette Musslewhite,1992-09-17,Arroyo Seco,8019865998
376,Michaela Luparto,2018-02-27,Tambobamba,9864651593
377,Liza Huddlestone,2000-03-07,New Orleans,5043285630
378,Savina Byford,1992-07-29,Banquero,3184956973
379,Yule Hurton,2008-02-23,Jales,6515323295
380,Catrina MacLardie,1992-09-20,Aguisan,6334132038
381,Kristi Kubiak,1993-08-28,Yegor’yevsk,7484518942
382,Natalina Shakesby,2019-05-10,Liběšice,6262671481
383,Tanny Mungham,2021-05-31,Zaporizhzhya,3224443222
384,Carlotta Spriddle,2001-07-29,Hekou,2641473220
385,Stormy Dallas,1992-03-21,Albacete,2086491548
386,Lem Tippin,1994-10-05,Boisbriand,5261249675
387,Kory Ingle,1991-05-27,Manamrag,4322869913
388,Christi Filipponi,1992-12-21,San Andrés Xecul,3134880213
389,Salomi De Andisie,2012-11-25,Pevek,1509685974
390,Clarisse McQuilty,1998-08-17,Konstantinovsk,8024318385
391,Marni Catmull,2001-07-14,Vyritsa,3954946995
392,Roma Leppington,1994-07-25,Bangad,6182530339
393,Jeffrey Gionettitti,1999-12-28,Zhashkiv,2898155521
394,Ginni Radbond,1997-08-06,Krajan Puru,5516028326
395,Pryce Dartnell,1997-01-06,Caldas Novas,4102377271
396,Tasia Icke,2020-06-10,Quwaysinā,8543469571
397,Antoni Aldie,2011-02-23,Dongchong,2862588606
398,Nanny Lescop,2012-05-26,Santiago De Compostela,7539008016
399,Benetta Garrioch,2016-10-26,Longtang,3139949675
400,Jerry Huske,1992-09-20,Santo Antônio de Jesus,3458398817
401,Aigneis Oliffe,2015-03-10,London,3068633965
402,Roosevelt Hathway,2012-07-04,San Juan de los Morros,5467430038
403,Gale Shermar,2002-12-20,Pongola,2629155441
404,Rorie Mewburn,2020-05-11,Babice,3217488311
405,Pegeen Olivia,2021-08-06,Neiba,2346182019
406,Baxter Edwards,1998-11-19,La Mesa,3083600889
407,Diannne Beecham,2008-10-16,Ustupo,2003319263
408,Willi Gange,2003-11-10,Moutsamoudou,8843927482
409,Loree Dumsday,2013-06-14,Laxey,3398073525
410,Cherice Pere,1998-10-27,Marintoc,7178818997
411,Mahmoud Salerno,2010-05-19,Şūr,2978912498
412,Mathias Goncaves,1994-11-21,Amman,7738718638
413,Ernestine Harrhy,2013-12-20,Xinxing,5911952803
414,Corinne Fidock,2013-07-15,Bordeaux,4653730519
415,Fonz Jovovic,2023-02-19,Delft,7825577719
416,Kiah Redsull,2002-05-06,Chandal Bā’ī,7766438384
417,Lesly Ferebee,1994-07-19,San Andrés,8042807917
418,Mata Bossel,2003-02-09,Fonte de Angeão,6369591293
419,Oates Joslow,1991-12-26,P’yŏngsŏng,6046120051
420,Parsifal Mathewes,2015-12-26,Chamlykskaya,9556401464
421,Shoshana Motto,2004-10-11,Trondheim,2206615152
422,Hali Bergeau,2021-03-23,Vila Franca,9206496335
423,Bil Parrin,1997-12-20,Sargatskoye,9437547303
424,Rosana Marryatt,1992-12-13,Russkiy,3243011606
425,Cy Crome,1997-10-31,Vitry-sur-Seine,9555087531
426,Pascal Simenon,2005-03-04,Sophia Antipolis,9919874175
427,Clay Diggens,1998-04-28,Guaynabo,2289578778
428,Beatriz Brooksby,2023-02-27,Taipingguan,9938444290
429,Thane Carswell,1993-06-23,Choco,8495563544
430,Esther Podmore,2013-07-11,El Espino,1131035785
431,Diann Sloey,2000-04-29,Los Palacios,3042959194
432,Patric Grisbrook,2002-08-10,Yanshi,7473908255
433,Sosanna Clemot,1998-03-01,Yeliguan,9273978631
434,Justis Lesslie,2021-01-25,Sathon,1048970888
435,Blinnie Bunford,2021-01-17,Zeya,8838263956
436,Marco Castelletti,2016-01-22,Likiep,4611131231
437,Zerk Doerrling,2007-12-11,Magisterial,1266998804
438,Sabrina Ziebart,1999-06-21,Otavi,1859604818
439,Faythe Tewkesbury.,2006-12-24,Fūman,8465045699
440,Mill Holworth,2002-02-05,Guandu,5551182966
441,Stanwood Troillet,2000-08-08,Novogornyy,6254249562
442,Adey Prin,1997-06-30,Runjin,5364508247
443,Kellie Macallam,1996-09-01,Anle,6223078856
444,Ardine Laurand,2003-07-19,Lajeosa,9244202772
445,Audre Cadwell,2022-04-26,Taocun,1418835029
446,Juieta Sidebottom,2008-09-06,San Rafael Petzal,8031807140
447,Eulalie Nossent,1995-11-22,Leicheng,4562099751
448,Adriaens Isard,2008-10-30,Álvares Machado,4801038845
449,Rockie Nottingam,1999-03-11,Dimataling,2777710734
450,Baxter Hrachovec,1999-10-17,Chaiwan,1769610509
451,Dukey Maffey,1992-12-22,Kloulklubed,7726672515
452,Cly Parkisson,2017-05-05,Sáchica,1074618699
453,Sari Chewter,2016-03-19,Aluminé,5228649560
454,Wandis Gilbanks,2014-09-13,Sacramento,9165654870
455,Jeddy Freckingham,2011-07-31,Knoxville,8653343759
456,Tybie Dugmore,1995-07-13,Jieshan,8727719394
457,Cyrillus Grinnov,2008-03-21,Sheshory,3507470403
458,West Pottage,2009-02-12,Kupiskis,9411498034
459,Romeo Farrar,2019-04-05,Krong Pi Nang,6795659549
460,Giralda Leopard,2013-01-30,Van Nuys,2138955945
461,Kendell Seabon,2000-12-25,Ibarra,8487993101
462,Sheri Didball,2008-12-08,Bantar Tengah,7523488347
463,Ilene MacCartan,2009-06-15,Werangere,6008566652
464,Lucienne Tearney,2008-06-22,Gilowice,7321878032
465,Nappy MacNally,2013-08-03,Campor,8466619839
466,Nelle Siemantel,2009-09-13,Brooklyn,7065513912
467,Marilyn De Ferraris,2006-12-17,Beishan,2035672261
468,Nicol Durtnall,2013-12-10,Kasreman Wetan,1959064723
469,Clemmie Digginson,2011-08-18,Yehud,4389310878
470,Sherlock Dibdall,2012-11-24,Obispos,3533765313
471,Orelee Galpen,2011-07-12,Nizhnevartovsk,3493686964
472,Elaine Vost,1996-10-11,Quinarayan,4406929292
473,Vida Keenlyside,2007-08-28,Bayeman,8038259111
474,Berry Pulbrook,2007-11-28,Anton,9223266472
475,Klemens Dollard,1999-06-25,Renchaoxi,4999494713
476,Jobina Boydle,2013-05-22,Nāḩīyat Saddat al Hindīyah,5355947526
477,Amanda Vasquez,2000-03-18,Fontana,3822080931
478,Charisse Methringham,2019-08-04,Moreno,5987159121
479,Mathilde Davion,2006-02-04,Villaguay,8501726647
480,Claybourne Richford,2005-06-30,Haukivuori,9557410654
481,Angelle Kinlock,2009-12-20,Rios Frios,1967197141
482,Ewart O' Clovan,2000-06-02,Hengshan,8545224304
483,Huntley Hasker,2019-09-23,Chimen,8296100240
484,Meara Winsor,1996-04-13,Buracan,1543263357
485,Spencer Carlos,2002-03-04,Chunyang,6195579496
486,Bobbi Broomhead,2010-01-31,Cibodas,9852136430
487,Tova Pickering,2005-06-17,Canguaretama,8709653690
488,Darryl Farryan,1993-09-20,Richard-Toll,8988066851
489,Ruprecht Tennet,1993-08-19,Danauparis,5071897836
490,Antonin Ivey,2013-03-03,Charlestown,7895770848
491,Jordain Giovanni,2004-01-06,Białobrzegi,6789701424
492,Selma Marxsen,2014-05-04,Zhouling,2357726012
493,Lorinda Glencorse,1991-06-30,Nangabulik,4125024296
494,Enrico Bolam,2020-05-08,Roanoke,5407247577
495,Gerrie Admans,1995-05-11,Bonsari,3784289978
496,George Paschek,2015-10-06,Cherëmushki,8929797847
497,Sancho Matuschek,1999-02-19,Fuquan,2674270390
498,Rita Ielden,2011-06-21,Dom Pedro,5584360007
499,Gabriele McCarrison,2012-01-07,Lidoríki,3719723736
500,Richart Vero,2009-05-10,Leiguan,1725320425
501,Damian Greader,2017-02-23,Santa Bernardina,8427569455
502,Archibaldo Keavy,1996-05-07,Nashville,6152538081
503,Anthea Ruthven,1995-09-23,Aurillac,8793342917
504,Mortimer Lawler,2000-10-20,Sukasari,2576787010
505,Terza Stedman,2000-05-12,Yizhang Chengguanzhen,6797771219
506,Binky Enderson,2022-09-25,Isak,9241348862
507,Murdock Chalkly,2016-08-12,Campos do Jordão,1131726561
508,Trix Steadman,1995-04-18,La Soledad,5335923852
509,Jozef Di Carlo,2005-06-24,Haoxue,9977022020
510,Cornelle Siviour,2007-12-20,Belanting,3572034263
511,Pamelina Adlam,2004-10-31,Bei,4709383178
512,Ash Vallow,1995-06-03,Brochów,2388891933
513,Dodie Ollcott,2007-09-08,Rushankou,6103365014
514,Ambrosio Thwaites,1994-03-25,Le Blanc-Mesnil,3523626289
515,Daile Harler,2022-04-20,Jammāl,6115004068
516,Bard Norkutt,2014-01-21,Sumberwaru,8529733129
517,Arden Sirkett,2018-04-16,Wolmaransstad,8263341164
518,Mead Bohling,2013-11-10,Pittsburgh,4127065880
519,Enrika Kores,2009-07-21,Nielisz,5937954311
520,Anselma Baldree,2001-01-05,Gaotai,4405923953
521,Nissie Hempshall,2022-05-15,Morón,8717043947
522,Gordy Kent,2013-12-09,Aţ Ţawīlah,2202261030
523,Townsend Ackred,2000-11-11,Shiniu,5694036877
524,Bentley Denty,1995-12-10,Sil-li,5698602986
525,Sindee Keaton,1998-02-18,Dassun,2931195489
526,Lacie Braiden,2007-02-12,Tangban,1778479817
527,Ansley Mauditt,2009-02-11,Al ‘Ashshah,5561772019
528,Marilin Olekhov,2016-07-12,Předklášteří,3906629961
529,Warner Mossman,2019-12-07,Houjia,4977061082
530,Lucio De La Cote,2005-03-05,Ciudad Sandino,6549021429
531,Gerardo Beddows,2015-07-27,Saint-Denis,1851304624
532,Yehudit Jayme,2016-02-11,St. Thomas,9183930271
533,Pauly Turbitt,2006-03-09,Rentian,8516705087
534,Chickie Findon,2019-10-04,Oleszyce,1468912172
535,Olav Klosser,1996-05-29,Lalupon,9629967823
536,Roderic De Luna,1995-05-15,Kagadi,2246315514
537,Bay Cawsby,1997-11-23,Gaojiabu,6643501900
538,Clerc Lambin,2020-07-07,Solomenskoye,7726481662
539,Cordelie Gittis,2014-12-10,Martakert,7233575949
540,Deeann Patient,1996-05-12,Tiksi,3672719594
541,Aimee Law,2005-03-11,Líbano,7314270922
542,Kay Elmhurst,1995-09-17,Villa Elisa,6376837165
543,Isidoro Blakeston,2017-02-03,Takaoka,4692391093
544,Courtnay Albany,2000-02-01,Chojata,9377634910
545,Nevin Melmore,1993-12-19,Tiebiancheng,4791857603
546,Aidan Roebottom,1996-07-11,Cà Mau,2149973275
547,Micheal Delacour,2001-04-01,San Francisco Zapotitlán,3516314839
548,Kaleb Abad,1996-08-09,Dama,3766382412
549,Isador Shuxsmith,2008-08-06,Formosa,1641052137
550,Garv Grievson,2016-05-24,Tulyushka,7103855958
551,Solomon Whetson,1996-09-01,Proptisht,6753671435
552,Ilsa Rennebach,2008-07-19,Las Vegas,9335538212
553,Elsey Ackerman,2013-06-02,Chocz,2638558834
554,Sabine Philimore,2014-03-27,Panjerrejo,3967948892
555,Wallache Spurrior,2000-08-29,Shuitian,4274457149
556,Hershel Hexter,1997-01-24,General Conesa,4697004760
557,Wallie Culver,2002-10-24,Quva,8595401557
558,Nickie Kaemena,1993-03-13,Santo Domingo Este,6261179624
559,Allina Hart,2008-01-25,Phước An,2147091465
560,Regen De Gowe,2012-04-27,Touguinha,7545699982
561,Felipe Eversfield,1996-06-10,Libertad,2564417196
562,Myrtia Penbarthy,2011-08-04,Tianzhou,3963836343
563,Murray Bignell,2006-01-15,Huaqiao,9353189999
564,Gustie Sansome,1995-03-07,Timon,6407352101
565,Elias Owtram,2006-12-01,Tillabéri,1902050848
566,Melessa Anselmi,1998-01-31,Vallenar,5833632713
567,Emmaline Guyton,1992-08-03,Eci,2885069402
568,Eyde Dunrige,2019-12-19,Al Fukhkhārī,2025965391
569,Gherardo Emps,2015-05-01,Karlskoga,5078989142
570,Timoteo Novak,1996-06-04,Oslo,9349385945
571,Pansie Bernath,2005-03-07,Chongru,3848227759
572,Burt Neasham,1998-11-18,Toulouse,1039039813
573,Tabbi Robuchon,2019-12-14,Engenho,3735381015
574,Marion Sarjant,2021-11-06,Citangtu Kaler,5946278084
575,Shay Browse,2022-09-07,Yashikera,7348596786
576,Arturo Mallabone,1997-02-14,Lipník nad Bečvou,9299384045
577,Beniamino Ashbolt,2010-08-10,A dos Negros,1596138912
578,Gustavus Garrelts,2005-05-05,Gareba,1279205528
579,Alwin Abramovic,2003-01-30,Juan L. Lacaze,6609326141
580,Dacey Dradey,2014-02-07,Bijelo Polje,6806058647
581,Griff Suffield,2019-06-12,Cinangsih Satu,6735555335
582,Annaliese Kilgrove,1996-01-17,Novoshakhtinsk,5407476613
583,Minni Troutbeck,2007-06-15,Laszki,4936007215
584,Arron Geill,2004-08-16,Haradzyeya,4081010568
585,Rubin Deakin,2021-08-01,Jangheung,4935841221
586,Sheilakathryn Stratten,2018-02-22,Karangwungu Lor,9692817036
587,Rosabelle Siflet,2016-04-13,Binlod,5536771868
588,Thomasine Aymerich,1998-01-17,Mijiang,4332034586
589,Romonda Tingly,2008-07-05,Senglea,5793827626
590,Reeta Minichillo,2007-02-17,Hà Đông,3931603360
591,Wake MacCostigan,1997-04-26,Guanzhuang,2661409108
592,Cordi Vasilov,2004-09-29,Portoviejo,9352108315
593,Leandra Prigmore,2016-06-12,Maribong,3672203799
594,Dolley Winsom,1997-09-01,Porteirinha,4022856609
595,Jerri Chilcott,1994-11-20,Nezamyslice,7606472389
596,Glyn Chetwynd,2008-01-30,Sacanche,9234174963
597,Ive Parriss,2000-12-07,Ribeira,4199004700
598,Farrel Crossley,2018-07-10,Oslo,8917296027
599,Paddie Petow,2013-06-10,Pochep,7769659340
600,Dorice Chedzoy,2012-04-05,Jardim do Seridó,4615131963
601,Clem Kynd,2001-04-19,Parikkala,1856273174
602,Renie Bulfoot,1997-02-14,San Isidro,4951865059
603,Roxanna Blackmuir,1999-02-19,Hatsukaichi,4594206854
604,Gretta Flori,2019-02-12,Topory,7188429338
605,Laure Poulson,2009-06-01,Pagedangan,6629323324
606,Erv Allwell,2017-07-23,Serpukhov,7313213917
607,Ariadne Upcott,1991-03-16,Novokizhinginsk,2231922274
608,Georgy Glowacha,1995-08-11,Vavuniya,2396936790
609,Cchaddie Pletts,2005-11-04,Hovorany,8402407526
610,Lindsay Bartosiak,2005-02-13,São Jerônimo,1234550882
611,Ogdon Dabnor,2013-05-23,Alvand,9078966989
612,Dorita Dybald,2003-01-12,Mogotes,4985444510
613,Karin Linnett,2014-09-23,Telagaselaba,5152554998
614,Pepito Faircloth,1993-03-01,Brits,4734244347
615,Selina Stang-Gjertsen,2008-06-24,Zubtsov,1081152905
616,Sollie Greensall,2005-05-26,Saraqinishtë,2121932740
617,Isidora Dingle,1992-10-08,Hà Đông,1461697849
618,Anthea Gates,2016-06-07,Taganrog,5037801865
619,Glad Dunnan,2020-07-14,Bobai,2742347948
620,Tymon Woodhead,1992-12-10,Miass,2643104702
621,Linnet Sarsfield,1992-07-20,Kożuchów,8471855606
622,Urbano Farquharson,2003-08-19,San Agustín,7565208744
623,Genia Colafate,1996-02-11,Patimuan,5002407725
624,Morgen Pillington,1996-10-08,Caigangan,1946532979
625,Kirbee Bastable,1998-01-02,Tauca,1721957826
626,Xenia Kubik,1998-03-06,Sanom,8282505699
627,Shanta Sharrier,2000-03-28,Maundai,2991369161
628,Marga Cowderoy,1997-03-22,Tân Châu,3527472276
629,Coleman Bridgland,2002-11-02,‘Ayn al ‘Arab,6896766385
630,Cosme Darnody,1996-01-19,Old Harbour Bay,3744063367
631,Darryl Alphonso,2001-11-14,Néma,8817821804
632,Karel Dows,2005-02-11,Loimaan Kunta,8443197917
633,Corette Cardinale,2008-06-12,Rimpakgede,5808673707
634,Ellerey D'Agostini,2020-09-05,Baitashan,1616972847
635,Yasmeen MacFadden,2011-05-23,Bartica,2515775832
636,Cart Mohan,2013-06-07,Krasnosilka,5692138424
637,Cynthia Backshall,2000-01-04,Ikey,4554315041
638,Clerkclaude L'oiseau,2007-03-30,Franco da Rocha,6133974825
639,Kelila Wason,2016-03-29,Boden,8454494993
640,Merle Kilgrove,2009-10-11,Krajan Bejagung,9299191717
641,Pavla Arnet,2015-07-31,Mtsensk,5392037130
642,Kayla Sweatman,2002-03-22,Herval,4671007494
643,Abie Darbyshire,2005-04-28,Semey,6373992150
644,Ferd Finder,2004-11-20,Putinci,7278388702
645,Catha McGready,2013-06-27,Kembangkerang Satu,6782686583
646,Baudoin Rowaszkiewicz,2001-11-01,Kawage,8778118719
647,Isabelle Wanne,2000-02-24,Lokavec,2987020630
648,Brett McCloid,2021-08-25,Vladimir,8822234799
649,Aili Coghill,2021-02-24,Balogo,3035107490
650,Trstram Whinray,2000-03-26,Skinnskatteberg,6561473458
651,Tracie MacMillan,2015-06-14,Yongchang,7931434137
652,Rozanne Simeon,2000-12-01,Mbinga,7774065382
653,Tracy Simko,2000-09-08,Sedlice,8234866724
654,Jozef Giffkins,1991-07-07,Aubervilliers,8203657070
655,Cos Skinner,1993-03-08,Anilao,8265376794
656,Melisandra Goodding,2009-04-07,Wujing,8181570187
657,Anny Del Dello,2012-08-07,Tinogasta,9041686402
658,Dolph Fossick,2018-05-13,Campo Largo,7323599159
659,Pamelina Gratrix,2003-06-22,Lidköping,3975694724
660,Kikelia Gatley,1995-04-20,Vyselki,7616178194
661,Davita MacChaell,2010-10-25,Salogon,5867248925
662,Nowell Preene,1995-03-13,Mahuta,8423059627
663,Filbert Gantzer,1998-04-10,Cisiih,3148165474
664,Leroi Delooze,1991-03-12,Dobropillya,1245890615
665,Aurthur Rigbye,1994-12-27,Shawnee Mission,9135182884
666,Saloma Jahn,2008-02-16,Clisson,1911399193
667,Edward Gavriel,2017-11-16,Fika,9577736242
668,Matilda Grcic,2010-12-07,Shatian,5492882677
669,Deidre Deakin,2001-04-26,Caçador,3492989287
670,Marquita Parkin,2014-12-19,Dongpu,5553291108
671,Hildegaard Learie,2020-11-29,Bagadó,7757404857
672,Forrester Van Oord,2013-09-06,Primorsk,6412386165
673,Fletch Cains,2014-04-24,Osielec,1496830155
674,Diane-marie Weavill,2006-10-30,Boden,4318910001
675,Miriam Glasebrook,2009-02-16,Custóias,1854393430
676,Lemuel Durtnell,1998-05-26,Asen,3608000166
677,Andy Duigenan,1994-02-06,Kuncen,4195520217
678,Bonni Proffer,2022-04-22,Raoshi,7906525777
679,Tamarah McGroarty,1992-12-25,Lycksele,7866463321
680,Janaya Pryde,1996-05-31,Jinji,7768673794
681,Rakel Assel,2004-05-23,Gornji Grad,4208389807
682,Ragnar Whordley,2008-08-16,Durazno,8186173754
683,Kelcie Cranage,2009-09-27,Hanting,9161942709
684,Prentice Maton,2017-04-02,Kosti,4013158275
685,Patsy Fairbrass,2008-08-29,Lishu,5014325425
686,Rowney Witherbed,2022-06-06,Tranås,3453794579
687,Terrel Irnys,2006-08-24,Sabang,3141478595
688,Aviva Corck,1996-06-08,Bharatpur,9538701176
689,Fenelia Whatsize,2009-06-03,Rungis,7717773327
690,Brunhilde Headingham,2006-03-29,Bagorejo,8399208891
691,Merrel Ellesmere,2012-09-23,Radamata,9848329950
692,Mickey Scatcher,2015-06-08,Tanzhou,4395619842
693,Leandra Swains,2012-03-08,Santo Niño,4822275319
694,Dorotea Liverock,2019-09-15,Yamango,7387950129
695,Patrice Dilgarno,1995-10-17,Pasarbaru,5728291117
696,Reinhard Santacrole,2019-11-13,Sokol,6578146789
697,Lillis Petraitis,2005-01-22,Selizharovo,1389568079
698,Jard Cowhig,1997-11-29,Shunyi,2675972629
699,Claiborne Ellwell,2013-01-30,Wanglian,7814846747
700,Lolita Davidavidovics,1993-09-25,Skoghall,2829181506
701,Dalila Saill,2010-03-18,Versailles,5157109623
702,Merle Paull,1999-05-27,Barat,5092869345
703,Asa Cornils,2017-09-01,Koror Town,8521265521
704,Karla Ealam,2006-10-16,Bama,7888050035
705,Udall Serraillier,1994-02-24,Camanducaia,7888716437
706,Bondon Mincini,2006-11-16,Bayt al ‘Awābī,6419873613
707,Dore Landsborough,2016-01-15,Amirdzhan,2408733002
708,Andrey Bladder,1996-08-23,Sandviken,9272659457
709,Salaidh Featherstonehaugh,2007-02-08,Västerås,2388721250
710,Vince Keymer,1997-12-13,Ntoroko,4965015483
711,Pinchas Gratland,1999-05-06,Codajás,6144215493
712,Dayle Giraldez,2013-03-11,Yangzi,4549605642
713,Brewer McBrady,2017-07-09,Himi,4459643266
714,Jeffy Foxhall,1998-11-09,Seredyna-Buda,2783033129
715,Halie Bassam,1993-11-08,Amiens,8243447818
716,Tani Bonehill,1998-01-06,Nāḩiyat as Sab‘ Biyār,4565951739
717,Esta Le Noire,2012-02-28,Nîmes,8971502890
718,Thor Lubomirski,2020-04-13,Cardal,9816076461
719,Leif Bennedick,2014-04-24,Davila,4487917592
720,Leanor Verney,2005-10-22,Shache,3403485723
721,Irvine Adlington,2002-06-28,Uherské Hradiště,7047376721
722,Anestassia Ginity,1993-05-14,Fenchen,3137492271
723,Gibby Dunbabin,2018-10-09,Évry,4463667197
724,Gordie Boughen,1998-11-10,Bohorodchany,2807146595
725,Chastity Regitz,1993-06-30,Chuntai,5393019872
726,Mellie Gravenall,1991-11-15,Al Hoceïma,2484351805
727,Gorden Weatherall,2004-07-23,Lukavice,1205944975
728,Camellia Ganderton,2010-12-06,Vuzenica,3861742228
729,Seumas Jarrad,2005-12-18,Salavat,9733476473
730,Dawna Sines,2005-11-17,Midland,9369458829
731,Krissie Parrington,2022-05-25,Laojieji,6241157298
732,Tom Blundell,2017-08-30,Foumban,3745693789
733,Shirl Sesser,1996-01-21,Rukem,1366365490
734,Hyacinthe Trousdell,2020-10-22,Kunčice pod Ondřejníkem,1902894481
735,Livy Gabey,1993-11-24,Vecpiebalga,5636720062
736,Dinah Pheasant,1998-10-07,Kunri,2941042099
737,Rodolph Rainon,2014-07-09,Sepekov,3796946523
738,Curtis MacMechan,2021-11-04,Kitamilo,2208512570
739,Evered Connaughton,2010-05-15,Kalebun,1132309282
740,Chuck Larraway,1998-03-07,Duanjia,2921420447
741,Bernice Sentinella,2009-09-23,Māymay,3664343014
742,Irving Scrivener,1991-09-28,Tizgane,4792012878
743,Kelli Leveret,2010-03-21,Dagur,4474711484
744,Margarette Filipyev,1996-06-14,Shushicë,9044376147
745,Normie Kopp,2007-05-25,Negara,3247378320
746,Rhonda Trenear,1991-04-10,Desē,3666450870
747,Roldan De Metz,2010-05-01,Jatiwangi,1327874947
748,Roslyn Eddoes,1993-12-13,Jiebu,9983683489
749,Kitty Davitti,1999-08-30,Caen,9026737804
750,Conny Speachley,1994-05-20,Mtsensk,1736130948
751,Linette Feldberg,2016-12-27,Qiligang,1598694747
752,Arda Varvara,2016-08-30,Mounlapamôk,7073067875
753,Ezekiel Vaz,1998-07-24,Incheon,5469547762
754,Gaspar Siene,1994-03-19,Tumu,1199037391
755,Otis Orknay,2011-04-08,Washington,2022478450
756,Daron Akrigg,2003-07-07,Prince Albert,8444844790
757,Kass Bemlott,2010-05-14,Chocos,1271643765
758,Chandal Haslock,2015-09-12,Tsukawaki,2587160312
759,Lyon Colbeck,2022-02-27,Tanjung,9365929931
760,Abner Giles,1999-01-03,Qaryat ad Da‘īs,6139414435
761,Iormina Walklott,2019-02-27,Grytviken,3157408306
762,Almira Primak,2011-12-15,Чучер - Сандево,4591182598
763,Cordie Riha,1995-10-05,Hrib-Loški Potok,5844469247
764,Joscelin Haps,2018-08-18,Barueri,4372973298
765,Nels Armes,1992-04-23,Causip,9854407569
766,Moore Vallender,2012-11-06,Kasongo,9293744984
767,Sheppard Beaumont,2010-01-21,Kveda Chkhorots’q’u,2508524153
768,Dorthy Thews,1992-09-07,Ciodeng,7639552410
769,Vivienne Chaloner,2014-06-05,Best,4437977203
770,Isaak Kluss,2000-01-07,Los Angeles,5627988182
771,Mayor McQuirter,2004-10-16,Quetta,8709518124
772,Lula Harrhy,2019-10-15,Tebanah,8084919186
773,Katine Driffill,2000-03-27,Sterlitamak,7755507538
774,Elana Ringsell,2005-12-07,Kubangeceng,1058665942
775,Brinn Grave,2021-04-09,Youdunjie,4289646972
776,Shae Cohan,2005-05-24,Néa Vrasná,3285355773
777,Rey Matfin,2017-07-18,Náchod,5729638001
778,Patton Willcott,2002-08-04,Muang Long,8653455112
779,Meg Mines,2003-02-18,Krmelín,7445835109
780,Shaylyn Fallowes,2016-12-20,Tanglag,7992021863
781,Gloria Silvester,2003-11-17,Bancroft,4733350975
782,Cyrus Wessell,2021-08-24,Castellon De La Plana/Castello De La Pla,7412108670
783,Michelle Raubenheimer,1999-04-15,Sathon,4702975170
784,Dannie Piscopo,2003-03-19,Mozi,2008990664
785,Marissa Noweak,2022-12-12,Pag-asa,1902535375
786,Clemmy Clohisey,2008-09-07,Ras al-Khaimah,1633016645
787,Benni Blowick,2021-07-08,Aţ Ţaybah,9776156146
788,Barnard Sword,1992-02-14,Mirovice,9856614640
789,Hamel Lovekin,1991-07-06,Chiconi,7776495658
790,Berni McInteer,2022-03-04,Wangzuizi,8461782360
791,Anselm Linguard,2012-06-27,Al Jamālīyah,8947542048
792,Emmeline Gaule,2009-08-01,Dao’er,8621734871
793,Patricio Peggs,2009-03-21,Haliut,1456518429
794,Chandra Hicken,2008-11-15,Buynichy,9571260546
795,Sylas Farmery,2014-09-23,Shimokizukuri,5616396852
796,Annnora McKomb,2004-09-20,Cicayur,2901711465
797,Ninon Benford,2013-09-03,Krivodanovka,2235369003
798,Gonzales Wingrove,1995-07-31,Guandu,5504866896
799,Terri Yarrall,2007-12-19,Desovo,4374698894
800,Manuel Shieldon,1995-10-28,Beitou,4713223966
801,Baily Di Maria,2005-09-21,Segbwema,4068008808
802,Haily Houston,2023-02-17,Elena,3604695939
803,Evan Rosewall,1999-08-11,Yeşilköy,6284643757
804,Odelinda Hegdonne,2004-07-30,Ngoc Hon Doc,9133434999
805,Keen Eadon,2021-04-04,Itaporanga,5275323155
806,Aluin Storer,1999-10-11,Naifaru,4509496232
807,Hans Moreby,2022-08-02,Sundbyberg,7418658231
808,Avivah McCaughen,2002-04-09,Talisay,7898624501
809,Faulkner Whitehouse,2016-11-14,Maralal,2616666187
810,Dalli Paz,2006-07-20,Pasarkayu,2416348246
811,Jorey Oxtiby,2011-02-16,Xunzhai,9911789763
812,Broddie Oulett,2021-03-22,Tilamuta,1155485603
813,Eleonora Craiker,2001-10-19,Dhalie,2478556012
814,Hilde Hainge,1995-03-27,Santa Fe,3233742553
815,Briant Brooksbie,1999-10-13,Medveditskiy,5235305703
816,Malchy Ende,1999-05-27,Nokaneng,6605773761
817,Gussi Masding,2003-06-17,Punolu,7381964659
818,Merna Goad,2003-06-07,Gualán,8427970777
819,Krystalle Fasler,2013-06-11,Marjayoûn,8211488784
820,Brien Whitehouse,2013-05-03,Huzhou,4736576762
821,Alexio Klimsch,2013-06-10,Severoural’sk,5888150950
822,Tessi Padgett,2015-06-08,Thị Trấn Nước Hai,8325894957
823,Juliet Broadnicke,2011-06-16,Ndjolé,3363128475
824,Hallie MacPike,2013-11-05,Middleton,9238500948
825,Wat Potticary,1992-07-15,Ulundi,9836687935
826,Karyl Plewright,2001-06-06,Jardim,5515446231
827,Conny Sneden,2018-08-16,Daqiao,6867143620
828,Geoff Rama,2008-02-03,Puerta de Corral Quemado,5189877520
829,Whitby Cruikshank,2009-09-29,Abakan,2119605611
830,Lindsy Plues,2019-01-31,Cocachacra,3527948825
831,Selene Kemitt,1997-04-16,Xinsheng,2492199396
832,Leanna Moring,2018-05-03,Jarocin,5477149708
833,Kym Bedding,1996-08-04,Los Angeles,3233231032
834,Karmen Cleverly,1993-10-28,Gazli,7129188347
835,Fowler Bramelt,2016-01-09,Nepomuceno,6648342347
836,Vivia Bachman,2016-09-23,Clermont-Ferrand,2254296790
837,Amabelle Holdforth,2009-07-24,Mambago,3395148316
838,Katee Yanez,2003-11-23,Broto,3509371423
839,Ynes Novotne,2009-10-03,Novoaleksandrovsk,8341476612
840,Milt Brobak,2006-09-14,Jiangbei,5566447555
841,Palmer Roxbee,1991-05-10,Santa Cruz,4496402705
842,Tann McCaighey,2021-06-20,Ban Phai,6463424826
843,Lenee Lau,2013-01-19,Changfeng,6385419008
844,Edmund Rosenberg,2010-10-31,Iwŏn-ŭp,1096381381
845,Colman McAtamney,2007-01-31,Dongzhou,7446372189
846,Jolee Di Dello,2021-04-06,Xi’an,2709643847
847,Mano Billborough,2003-06-25,Lamawalang,1193764965
848,Hobard Skypp,1995-11-13,Bangkok,3829342708
849,Dedie Form,2019-08-07,Lazo,2384161958
850,Fraze Pawlaczyk,2001-11-02,Linjiang,3165445575
851,Jon Ripping,2014-04-06,Tambaksari,2172780899
852,Kelci Bredee,2018-09-24,Duba-Yurt,8305119407
853,Duky McPheat,1992-06-17,Dhrosiá,5494379382
854,Giraldo Hillum,2013-06-25,Phonphisai,5728510687
855,Emilee Mahaddy,2011-11-10,Headlands,2238440192
856,Nesta Malia,2000-08-04,Jiakexi,4352054420
857,Ruddie Steven,1992-10-29,Kishi,5126325431
858,Belvia Rosling,1999-07-24,Bang Kho Laem,6404572918
859,Putnam Gamil,2006-01-31,Guam Government House,8063017730
860,Brenden Winn,2017-11-26,Portela,1161761224
861,Fancy Delph,2019-07-04,Saint-Claude,6097120773
862,Gerri Cordeix,1998-02-23,Qingshui,7339880852
863,Randie Steade,2001-07-11,Gaopai,8621376094
864,Bren Purslow,2014-08-06,Guozhen,2945605138
865,Marleen Chancellor,1992-10-28,Silab,4668642050
866,Rand Abbys,1998-01-30,Tanghua,7924588175
867,Eachelle Dewdeny,2022-09-14,Lacolle,4652092518
868,Theodoric Lawleff,2000-10-23,Malo,1535048310
869,Charlene Grandisson,1995-02-10,Hafrsfjord,8308712209
870,Odilia Greenall,2019-03-09,Hongxi,9682297892
871,Borg Bowdidge,2003-09-03,Yemva,8216815853
872,Ariadne Abbati,1994-10-11,Dikhil,9186119233
873,Land Westoll,1997-06-06,Andros Town,2177624861
874,Ashely Pereira,2013-10-04,Shupenzë,2177171192
875,Shanan Sanchiz,2016-08-24,Tours,8773482100
876,Karlik Stein,1995-06-09,Storozhevaya,5943123926
877,Carly Petrichat,2002-12-07,Chahe,4857790043
878,Retha Shouler,2005-01-06,Al Jarrāḩī,3708978364
879,Boot Shurville,2007-12-26,Крива Паланка,1421927178
880,Silas Mollnar,2022-04-10,Iwaki,5021739189
881,April Madden,2008-08-09,Ljubuški,5594832756
882,Stefan Clausner,1992-06-24,Villa La Angostura,7329308550
883,Neale Demangeon,1992-04-02,Malita,2907126013
884,Delores Perulli,1999-10-22,Medang,3877625287
885,Olympe Durward,1999-11-26,Tuopu,6394984634
886,Krista Santora,2011-10-21,Erqu,9642383679
887,Brinn Paddell,2006-03-01,Yiliu,9643946798
888,Kennedy Boow,2000-01-06,Musawa,1551943247
889,Putnem Perett,2000-06-04,Muaraenim,3901396315
890,Krista Berkely,2002-01-13,Kajar,9492587459
891,Marsha Spacy,1997-10-11,Nangkaruka,4422120939
892,Stephine Mollene,2004-04-27,Xiadu,4304144775
893,Catlaina Peggrem,2015-10-19,Newlands,7548399253
894,Lorenzo Karlicek,1999-02-06,El Carmen,6738501141
895,Jimmy Dadge,2013-07-20,Cajueiro,8121240299
896,Sidonia Crennan,1991-10-03,Morales,7853226700
897,Eduardo Kingsford,2010-01-22,Xincheng,6696532052
898,Caro Crosgrove,2003-06-08,São Mateus,8441116523
899,Myrwyn Salzburger,1997-06-26,Bulualto,5232363805
900,Becki Yearne,2003-04-01,Degeberga,2034845511
901,Sebastien Hein,2008-07-14,Hamburg,3826356186
902,Flori McKeevers,2020-08-28,Thị Trấn Hát Lót,3184850589
903,Sibylle Olligan,2012-11-09,Kyrenia,1998439850
904,Josselyn McMurtyr,2015-12-02,Mashi,4363615016
905,Nanice Wingeat,2000-06-12,Velyka Bahachka,5185783486
906,Enos Frail,2009-03-07,Citasuk,7308531200
907,Josefina Povah,1991-10-02,Broshniv-Osada,6372521948
908,Gayle Farleigh,2000-11-08,Scottsdale,4804867983
909,Ekaterina Ahmed,2012-02-06,Guling,7597228299
910,Jeralee Waine,2015-03-28,Rifeng,5831455267
911,Anetta Skoggings,2013-02-08,Selaphum,8952184508
912,Davina Pigford,2019-09-02,San Nicolas,8684350932
913,Virge Yuill,2009-08-15,Thị Trấn Ngan Dừa,5949149615
914,Maryl Fort,2019-01-25,Kiel,4511079196
915,Hasty Hardison,2009-03-25,Tegalgede Kulon,5339163799
916,Cherry Milesop,2012-06-15,Qarāwul,6861475518
917,Hedi Andrusyak,2009-03-31,Nice,9044758732
918,Rafi Bohlin,2011-09-26,Maji,7923991217
919,Jake Pimer,2001-09-22,Sidamukti,1875042281
920,Hartwell Pickworth,2018-06-10,Áno Kastrítsion,6218052586
921,Jacinta Beswell,2017-08-19,Salerno,2906452576
922,Nicolas Walkinshaw,1997-07-22,Bayanbaraat,5279908239
923,Morlee Crutch,2018-04-17,Spirit River,3343973798
924,Paton Hamblett,2017-12-27,Trà Vinh,4362234579
925,Marina Pilkinton,2007-01-31,Licun,5355061583
926,Tommy Fairy,2010-07-21,Custódia,3534202178
927,Reggie Mairs,2006-02-04,Strawczyn,5723129939
928,Bendite Raden,2009-05-06,Fovissste,6525584821
929,Davis Pretswell,2022-11-18,Nsok,9357426596
930,Marlowe Rolance,2019-06-30,Shchelkovo,9901208509
931,Evie Bilsborrow,2006-08-29,Danglang Hudong,7282541666
932,Tamqrah Garling,1994-05-03,Moscow,1352898532
933,Read Kettlesing,2016-04-09,Vitry-sur-Seine,4218083499
934,Carmella Negal,2009-09-15,Tamanar,2032505079
935,Friederike Matyukon,2008-10-01,Loreto,3783680601
936,Shawnee Andre,2023-02-03,Laon,8063853683
937,Katinka Pulver,2010-11-12,Plandirejo,5235636305
938,Angeli Sabate,2009-11-14,Daguo,1004398508
939,Kata Norwich,2003-02-16,Shadui,5784039149
940,Gwenore Sansam,2003-11-27,Reforma,5583283634
941,Reed Moore,2002-09-26,Tucson,5202275381
942,Aland Yurov,2013-10-20,Lolotique,4814705580
943,Wendy Banham,2003-03-27,Montréal-Ouest,3241939679
944,Dennet Babar,1994-12-27,Antanhol,1565328928
945,Carmita Barrows,2010-06-12,Santa Barbara,6891418169
946,Pembroke Mcmanaman,2010-01-14,Gabrovo,7275994641
947,Willard Fitchew,2002-06-09,Zhouling,1595062548
948,Yule Drain,1999-01-13,Seredyna-Buda,1616717327
949,Tommy Liver,2002-12-14,Kidričevo,3511797872
950,Melvin Deaton,2002-04-02,Fengle,3735357332
951,Stanleigh Heppner,1996-10-08,Mapou,5806976603
952,Clyve Toman,2007-12-21,Ensanche Luperón,1945041007
953,Camey Tudgay,2000-04-03,Zhengdonglu,5334317624
954,Keenan Batrop,2009-12-24,Huangqiao,5856549704
955,Hedvige Swynley,2022-07-14,Corona,9518985422
956,Rodd Grantham,2020-06-27,Xianyan,1974443900
957,Whittaker Pibsworth,2004-12-26,Guifeng,7526833869
958,Ali Tevelov,2005-09-12,General Alvear,3024827871
959,Charlena Rolse,2016-12-13,Morrison,9814760084
960,Drud Shepherdson,1996-10-29,Borlänge,6932471344
961,Dan Crielly,2000-10-30,Canggou,4196285009
962,Benjamin Benson,2014-04-11,Lagoa,3653493237
963,Hermy Wennam,2005-02-11,Marcara,3276556268
964,Marla Ayliffe,2017-09-25,Napoli,2861362733
965,Deck Cannon,2015-04-27,Inglewood,3237372428
966,Doy Compston,2007-12-27,Bakhmach,9854398352
967,Edna Espinha,1997-09-04,Maple Creek,1231207954
968,Omero Carslake,2021-05-11,Tokarnia,6195990380
969,Glori Sans,2000-10-11,San Juan Atitán,1823750266
970,Octavius Simkin,2021-05-28,Freguesia do Ribeirao da Ilha,8845889065
971,Rayna Gogerty,2013-02-21,Bingfang,2155756218
972,Renard Wharrier,2021-03-11,El Calvario,2847698569
973,Flossi Jackson,2011-06-01,Nantes,7868685767
974,Teodor Merington,2012-10-21,Shanghu,8418165366
975,Steven Pfaffel,2018-11-24,Dukuhbadag,5511828047
976,Dallis Hincham,2006-10-22,Trollhättan,7867988422
977,Danny Laird,1996-05-06,Astromil,2319513701
978,Heinrick Pepall,1992-07-08,Bajo Pichanaqui,7482163660
979,Silvie Grills,2020-09-29,Changchuan,4832709066
980,Channa Hunnam,1996-04-02,San Rafael Oriente,6361506934
981,Daveta Hiskey,2019-11-05,Pereyaslav-Khmel’nyts’kyy,7573822123
982,Corissa MacVagh,2000-03-16,Qinglung,1618969744
983,Sylvan Izkoveski,1996-12-16,Villa Nueva,4774669249
984,Jewell Prose,2007-05-01,Sohbatpur,6489566871
985,Bobette Chessel,2007-08-05,Azogues,2686857499
986,Ginger Venus,1998-12-19,Seia,8198035463
987,Janna Wigmore,1995-04-18,Koran,4928380481
988,Carma Caruth,2019-12-27,Batanamang,9444244354
989,Bayard Oldford,1999-08-20,Linqu,8139894707
990,Romonda Kelly,2021-09-29,Podivín,9434373368
991,Sayers Ceney,1994-11-25,Basel,4682727771
992,Erda Biggins,2000-05-16,Al Maţarīyah,2791714636
993,Chrissy Littleproud,1995-09-02,Duitama,6591566245
994,Roxi Hellewell,2008-06-26,Stare Miasto,5424685085
995,Midge Berzons,2022-09-27,Kilkenny,7599368241
996,Maryl Rubee,2007-12-12,Tiabaya,2366951883
997,Valenka Letham,1999-04-20,Lumbac,6325009580
998,Valerye Aldcorn,1995-04-08,Al ‘Alamayn,7341867353
999,Ave Antognoni,1994-02-03,Jin’an,1128927344
1000,Domini Barnard,2009-08-02,Bundoc,4743329155
